name,address,latitude,longitude,rating,review_count,phone,website,place_id,types,zone,keyword_found
"Narayana Nethralaya, Rajajinagar, Eye Hospital","121/C, Chord Rd, 1st R Block, Rajajinagar, Bengaluru, Karnataka 560010, India",13.011534,77.5520061,4.9,77761,080661 21641,https://www.narayananethralaya.org/,ChIJ441Kr5I9rjsRm-EYn-cfOhE,[],1,eye hospital
Aster CMI Hospital,"43/2, NH 7, New Airport Road, Sahakar Nagar, Sanjeevini Nagar, Bengaluru, Karnataka 560092, India",13.054497,77.59156589999999,4.7,49038,080 4342 0100,https://www.asterhospitals.in/hospitals/aster-cmi-bangalore,ChIJ0zFTdYkXrjsRLHNfpQq8LmI,[],3,ophthalmology hospital
"Narayana Nethralaya, Bannerghatta, Eye Hospital","No.63, Bannerghatta Rd, next to Royal Meenakshi Mall, Hulimavu, Bengaluru, Karnataka 560076, India",12.8745853,77.5950082,4.9,27125,080661 21618,http://www.narayananethralaya.org/,ChIJv2Jfcs1qrjsRTzMHGwDuE3U,[],1,eye hospital
Kauvery Hospital Electronic City in Bengaluru,"no 92, 1 B, Hewlett Packard Avenue, Konappana Agrahara, Electronic City, Bengaluru, Karnataka 560100, India",12.8545711,77.6626824,4.8,24349,080 6801 6801,https://www.kauveryhospitalsbangalore.com/hospitals/kauvery-hospital-electronic-city,ChIJfzd4XJlsrjsRYraMOMEyWCE,[],5,ophthalmology hospital
Apollo Hospital Seshadripuram,"Old No. 28, 1, Platform Rd, near Mantri square mall, VV Giri Colony, Seshadripuram, Bengaluru, Karnataka 560020, India",12.9882998,77.57247129999999,4.8,23044,080 6297 2761,https://www.apollohospitals.com/hospitals/apollo-hospitals-seshadripuram,ChIJ42Ok9N0XrjsRyGYL-4uYWkE,[],3,ophthalmology hospital
Manipal Hospital Varthur Road,"Survey No. 10P &, 12P, Whitefield Main Rd, Varthur Kodi, Palm Meadows, Ramagondanahalli, Whitefield, Bengaluru, Karnataka 560066, India",12.9581418,77.7455758,4.6,22837,1800 102 4647,https://www.manipalhospitals.com/varthurroad/,ChIJSxo6HfYNrjsRu4rk-Jxt-CQ,[],7,cornea hospital
"Narayana Institute of Cardiac Sciences, Bommasandra","258/A, Hosur Rd, Taluk, Bommasandra Industrial Area, Anekal, Bengaluru, Karnataka 560099, India",12.8094647,77.6953028,4.8,20716,080 6215 4652,https://www.narayanahealth.org/hospitals/bangalore/narayana-institute-cardiac-sciences-bommasandra/?utm_source=Googlemaps&utm_medium=GMB,ChIJd1oBwjNsrjsRIDFamd1lgNE,[],5,eye institute
Ramaiah Memorial Hospital,"New BEL Rd, M S Ramaiah Nagar, MSRIT Post, Bengaluru, Karnataka 560054, India",13.0283322,77.56978409999999,4.6,16326,080 6215 3400,https://msrmh.com/,ChIJbeV3d9wXrjsR0MkusbZE-zs,[],3,eye institute
"Nethradhama Super Speciality Eye Hospital, Jayanagar (Centre Of Excellence)","256/14, Kanakapura Main Rd, 7th Block, Jayanagar, Bengaluru, Karnataka 560070, India",12.9252762,77.5772361,4.9,15372,080 4833 9999,https://bit.ly/46wz97B,ChIJJ6qaQZwVrjsRE0CM2Evcxz4,[],1,eye hospital
"Narayana Nethralaya, Indiranagar, Eye Hospital","1st main, 1/1, 100 Feet Rd, Binnamangala, Defence Colony, Indiranagar, Bengaluru, Karnataka 560038, India",12.9769399,77.6411346,4.9,11604,080661 21641,https://www.narayananethralaya.org/,ChIJxdkpGioXrjsR-rB9aegF3bc,[],1,eye hospital
Manipal Hospital Sarjapur Road,"Survey no 45/2, ward. 150, Sarjapur - Marathahalli Rd, opposite Iblur, Amblipura, PWD Quarters, Ambalipura, Bellandur, Bengaluru, Karnataka 560102, India",12.9197624,77.6653013,4.4,10875,1800 102 4647,https://www.manipalhospitals.com/sarjapurroad/?utm_source=Organic&utm_medium=GMB+Organic&utm_campaign=Sarjapur+Hospital+GMB,ChIJYbankXATrjsRKSv7Mz8Xw-0,[],7,ophthalmology hospital
Aster Whitefield Hospital,"Sadaramangala, Plot No. 3 & 4, Main Road, off Whitefield, opposite ITPL Main Road, Industrial Area, Whitefield, Bengaluru, Karnataka 560066, India",12.9894945,77.7337373,4.7,9999,080 2302 1222,https://www.asterhospitals.in/hospitals/aster-whitefield-bangalore,ChIJKbNMTagRrjsRDX0itEVFtLE,[],7,ophthalmology hospital
Prakriya Hospitals bangalore,"8th Mile, Tumkur road Service road Nagasandra, Metro Pillar No 500, Havanur Layout, Bagalakunte, Bengaluru, Karnataka 560073, India",13.045939,77.5064944,4.6,7253,095137 33334,https://prakriyahospitals.com/,ChIJKy_EvdE8rjsRfgw9lyObVdo,[],9,eye hospital
Sakra World Hospital,"SY NO 52/2 & 52/3, Devarabeesanahalli, Varthur Hobli Opp Intel, Outer Ring Rd, Devarabisanahalli, Marathahalli, Bengaluru, Karnataka 560103, India",12.9323284,77.6851884,3.9,6882,080 4969 4969,https://www.sakraworldhospital.com/,ChIJLRq9dqYTrjsR217aIOhcAZs,[],7,eye institute
Shekar Eye Hospital,"633, Outer Ring Rd, Dollar Layout, 3rd Phase, J. P. Nagar, Bengaluru, Karnataka 560078, India",12.9064733,77.59594510000001,4.9,6698,080 3533 3444,https://shekareyehospital.com/,ChIJwxXhohAVrjsRUJMHHy8ViXI,[],1,eye hospital
Sankara Eye Hospital Bangalore,"Varthur Main Rd, Vaikuntam Layout, Lakshminarayana Pura, Kundalahalli, Munnekollal, Bengaluru, Karnataka 560037, India",12.9563762,77.7130559,4.3,6297,080 6903 8900,http://www.sankaraeye.com/,ChIJGbYaOToSrjsR9H67N0eLqV8,[],1,eye hospital
"Apollo Spectra Hospitals - Koramangala, Bengaluru","Apollo Spectra Hospitals, 143, 1st Cross Rd, near Nagarjuna Hotel, KHB Colony, 5th Block, Koramangala, Bengaluru, Karnataka 560095, India",12.9338741,77.62021399999999,4.6,6069,084484 40991,https://www.apollospectra.com/our-hospitals/bangalore/koramangala/multi-speciality-hospital-in-koramangala-bangalore/?utm_source=Google&utm_medium=GoogleMap&utm_campaign=GoogleMapKoramangala,ChIJ-5XX2loUrjsR4531obXnVgs,[],5,retina hospital
Dr Agarwals Eye Hospital,"33, Coles Rd, opposite Bata Showroom, Cleveland Town, Frazer Town, Bengaluru, Karnataka 560005, India",12.9962226,77.6127119,4.8,5752,095949 24186,https://www.dragarwal.com/eye-hospital/coles-road/?utm_source=locator&utm_medium=googleplaces,ChIJFULDvvMWrjsRcGgSqCCXsUI,[],3,eye institute
"Mirlay Eye Care, a unit of Dr Agarwals Eye Hospital","Police Station, 9, St Johns Church Rd, next to Bharati Nagar, Bharati Nagar, Shivaji Nagar, Bengaluru, Karnataka 560005, India",12.9911663,77.61268559999999,4.8,5236,095949 24297,https://www.dragarwal.com/eye-hospital/shivaji-nagar/?utm_source=locator&utm_medium=googleplaces,ChIJx26esfQWrjsRrRpNnC_8JfE,[],1,eye hospital
Dr Agarwals Eye Hospital,"No 50, 100 Feet Rd, next to Sony World Signal, 4th Block, Koramangala, Bengaluru, Karnataka 560034, India",12.93644,77.6261645,4.8,5043,095949 24224,https://www.dragarwal.com/eye-hospital/koramangala/?utm_source=locator&utm_medium=googleplaces,ChIJc4QvyuAVrjsRqnSNJFRhfN4,[],1,eye hospital
Dr Agarwals Eye Hospital,"2557, 16th B Cross New Town, opposite Dhanalakshmi Bank, LIG 3rd Stage, Yelahanka Satellite Town, Yelahanka, Bengaluru, Karnataka 560064, India",13.0941276,77.5807009,4.5,5040,095949 24396,https://www.dragarwal.com/eye-hospital/yelahanka/?utm_source=locator&utm_medium=googleplaces,ChIJWz-j8mYYrjsRAVBzLsVfbZY,[],1,eye hospital
The Eye Foundation Eye Hospital - Bangalore,"Central Mall, 79/5, Outer Ring Rd, opp. to Bellandur, Diagonally, Bellandur, Bengaluru, Karnataka 560103, India",12.9236778,77.67245249999999,4.7,5023,089258 50387,https://www.theeyefoundation.com/eye-hospital-in-bangalore,ChIJOcULt3UTrjsRZYTm1urmprc,[],1,eye hospital
Dr Agarwals Eye Hospital,"No 16, Salapuria Zest Building, Bannerghatta Rd, opposite Shoppers Stop, Sarakki Industrial Layout, 3rd Phase, J. P. Nagar, Bengaluru, Karnataka 560078, India",12.9122401,77.59942389999999,4.7,4652,095949 24181,https://www.dragarwal.com/eye-hospital/bannerghatta-road/?utm_source=locator&utm_medium=googleplaces,ChIJIwkYKgUVrjsRutCvcKuMgsc,[],1,eye hospital
Dr Agarwals Eye Hospital | Eye Specialists in Rajaji Nagar,"NKS Prime, Metro Station, No 60/417, 20th Main Rd, below Rajaji Nagar, 1st Block, 1st N Block, Rajajinagar, Bengaluru, Karnataka 560010, India",12.9999923,77.5500934,4.8,4469,095949 24291,https://www.dragarwal.com/eye-hospital/rajajinagar/?utm_source=locator&utm_medium=googleplaces,ChIJlzh0J-I9rjsRldDpJqpk71A,[],1,eye hospital
Dr Agarwals Eye Hospital | Eye Specialists in Indiranagar,"No 41, 80 Feet Rd, opposite Empire Restaurant, Hal, HAL 3rd Stage, Indiranagar, Bengaluru, Karnataka 560075, India",12.9701841,77.6477945,4.6,4282,095949 24219,https://www.dragarwal.com/eye-hospital/indiranagar/?utm_source=locator&utm_medium=googleplaces,ChIJLZ1tsqAWrjsR0Qt28E6L-30,[],1,eye hospital
Dr Agarwals Eye Hospital,"30, 80 Feet Rd, opposite Medplus, RK Layout, RK Layout 2nd Stage, Padmanabhanagar, Bengaluru, Karnataka 560070, India",12.916921,77.559331,4.8,4020,095949 24274,https://www.dragarwal.com/eye-hospital/padmanabhanagar/?utm_source=locator&utm_medium=googleplaces,ChIJgwmwrdU_rjsRs44cCLJaICo,[],1,eye hospital
Dr Agarwals Eye Hospital,"1st Floor, No 02, Outer Ring Rd, adjacent Reliance Mart Point, Ittamadu, Phase 3, Banashankari, Bengaluru, Karnataka 560085, India",12.9271096,77.5472468,4.8,3965,095949 24182,https://www.dragarwal.com/eye-hospital/banashankari/?utm_source=locator&utm_medium=googleplaces,ChIJJX5lcyc-rjsRhgWywbjplcU,[],1,eye hospital
Dr Agarwals Eye Hospital,"1st Floor, Plot No 638, 80 Feet Road, near Reliance Trend, Ideal Homes Layout, Kenchenhalli, Rajarajeshwari Nagar, Bengaluru, Karnataka 560098, India",12.9294108,77.51433639999999,4.8,3527,095949 24292,https://www.dragarwal.com/eye-hospital/rr-nagar/?utm_source=locator&utm_medium=googleplaces,ChIJe7mX8BE_rjsRQraYKMftBYQ,[],1,eye hospital
Dr Agarwals Eye Hospital,"93, Whitefield Main Rd, next to Anand Sweets, Whitefield, Bengaluru, Karnataka 560066, India",12.9679015,77.74972679999999,4.4,3157,095949 24395,https://www.dragarwal.com/eye-hospital/whitefield/?utm_source=locator&utm_medium=googleplaces,ChIJSw5zofkNrjsRst9Hq_EpG0Y,[],6,eye hospital
ATREUM SPECIALITY HOSPITAL RR Nagar | Orthopedician | Gastroenterologist | Urologist | Neurologist | Physician,"Ideal Homes Layout, Kenchenhalli, Rajarajeshwari Nagar, Bengaluru, Karnataka 560098, India",12.9324739,77.515817,4.7,2894,080 6900 7474,http://www.atreumhospital.com/,ChIJI3eubUA_rjsRNwmMVbjy7H0,[],9,ophthalmology hospital
"Nethradhama Super Speciality Eye Hospital, Rajaji Nagar","30, 19th Main Road, LANDMARK:, near Navrang Theatr, 2nd Block, Rajajinagar, Bengaluru, Karnataka 560010, India",12.9976158,77.55107389999999,4.8,2786,099728 53918,https://bit.ly/46wz97B,ChIJBTH794s9rjsRXvSYsEkHnFs,[],1,eye hospital
"Nethradhama Super Speciality Eye Hospital, Indira Nagar","Landmark: Madurai Idly Shop, 29, 80 Feet Rd, Hal, HAL 3rd Stage, Indiranagar, Bengaluru, Karnataka 560075, India",12.9718996,77.64728530000001,4.8,2780,080 4333 2555,https://bit.ly/46wz97B,ChIJv5gaRqEWrjsRxvWmztFUpuU,[],1,eye hospital
"RxDx Clinics, Whitefield","Council Khata 180, 63, Kundalahalli Main Rd, Vishweshwariah, Industrial Area, Whitefield, Bengaluru, Karnataka 560048, India",12.9769101,77.7103909,4.5,2750,090140 91111,https://www.rxdx.in/,ChIJCSJmG3URrjsRHJJB0W_Dz9U,[],7,ophthalmology hospital
"GM Hospitals, Nagarabhavi","612, Nagarabhavi Main Rd, Vinayaka Layout, Papreddy Palya, 2nd Stage, Naagarabhaavi, Bengaluru, Karnataka 560072, India",12.9612867,77.5116852,4.4,2625,099000 35235,http://www.gmhospitals.com/,ChIJO8Y8loE-rjsRj7PEACTj53w,[],9,eye institute
Devi Eye Hospital (Thubarahalli),"2nd Floor, CNS Complex, bus stop, 185, Varthur Main Rd, Opposite Thubarahalli, Kumarapalli, Thubarahalli, Whitefield, Bengaluru, Karnataka 560066, India",12.9556003,77.7217202,4.9,2564,073488 46333,http://www.devieyehospital.org/,ChIJzSlrVAITrjsR8G1bKaCEYgc,[],1,eye hospital
Devi Eye Hospital HSR,"complex, 157/A, Outer Ring Rd, Opposite J.S.S.Public school, Near HSR BDA, Sector 5, 1st Block Koramangala, HSR Layout, Bengaluru, Karnataka 560102, India",12.9163484,77.6374257,4.8,2525,073385 47333,http://www.devieyehospital.org/,ChIJTwAYFHcTrjsRW6pqlP7cPDE,[],1,eye hospital
Vijaya Eye Clinic Super Speciality Eye Hospital,"Pv plaza,# 2,5th Main Road MC Layout, bus stop, opp. to Sarvajna, near govindharajanagra, CHBS Layout, signal, Vijayanagar, Bengaluru, Karnataka 560040, India",12.9756018,77.538794,4.9,2517,097393 02523,https://vijayaeyeclinic.com/,ChIJK47RIuY9rjsRQaJi0GuY4lU,[],1,eye hospital
"Vasan Eye Hospital - (Banaswadi, Bengaluru)","Building No, 205/4C, CMR Main Rd, nearby Hennur Depot, HRBR Layout 3rd Block, HRBR Layout, Banaswadi, Bengaluru, Karnataka 560043, India",13.0243335,77.6329195,4.7,2473,1800 571 2222,https://clinic.vasaneye.com/vasan-eye-care/stores-in-bengaluru/stores-in-Banaswadi/vasan-eye-care-hospital-in-Banaswadi-bengaluru--3aZIMK/home,ChIJFxnn3SIXrjsRbqyelS-2Zko,[],1,eye hospital
Vydehi Hospital,"#82, Nallurahalli Main Rd, near BMTC 18th Depot, Vijayanagar, Nallurhalli, Whitefield, Bengaluru, Karnataka 560066, India",12.9757752,77.7294426,3.7,2365,080 4906 9000,https://vims.ac.in/vims-hospital/,ChIJIy4WaPYRrjsRBZfcU6n_l3o,[],7,eye institute
Vijaya Nethralaya Super Speciality Eye Hospital,"XGF7+Q7 Ring Road underpass, 5, 18th Cross Rd, Malagala, Marilingappa Extension, Naagarabhaavi, Bengaluru, Karnataka 560072, India",12.9745359,77.5131238,4.7,2329,078924 92098,https://vijayanethralaya.com/,ChIJOyRlfzI8rjsROgzKUwR0Tj0,[],1,eye hospital
"Vasan Eye Hospital - (Ganganagar, Bengaluru)","No 533, Vijayalakshmi Arcade, Bus Stand, opposite Ganga Nagar, Bilappa Garden, Ganganagar, Bengaluru, Karnataka 560032, India",13.0250927,77.5919653,4.8,2238,08071 264 522,https://clinic.vasaneye.com/hospital-locator/bengaluru/ganganagar/vasan-eye-hospital-in-ganganagar-bengaluru--7Adebk/home,ChIJQ2O0QboXrjsRiCY99j-6r2E,[],1,eye hospital
Dr.Solanki Eye Hospital,"191/1, Link Road, 2nd Cross Rd, Malleshwaram, Bengaluru, Karnataka 560003, India",12.9951329,77.5738403,4.8,2212,080 2356 2299,http://www.drsolankieyehospital.com/,ChIJlegbUjsWrjsRj4WbzMYOmcM,[],1,eye hospital
"Vasan Eye Hospital - (Rajajinagar, Bengaluru)","First Block, No 46, 19th Main Rd, nearby Decor Store, 1st Block, Rajajinagar, Bengaluru, Karnataka 560010, India",12.9994993,77.55068109999999,4.8,1835,08071 264 521,https://clinic.vasaneye.com/vasan-eye-care/bengaluru/rajajinagar/vasan-eye-care-hospital--55p0dL/home,ChIJJ5LeUoU9rjsRo_quZivik1k,[],1,eye hospital
"Vasan Eye Care Hospital - (Jayanagar, Bengaluru)","No 28/ 29, 7th Main Rd, opposite Vinayaka Temple, 4th Block, Jayanagar, Bengaluru, Karnataka 560011, India",12.9291873,77.5820707,4.8,1791,1800 571 2222,https://clinic.vasaneye.com/vasan-eye-care/stores-in-bengaluru/stores-in-Jayanagar/vasan-eye-care-hospital-in-Jayanagar-bengaluru--2fwSoZ/home,ChIJ-3aq4pgVrjsR1zPgk3kT3MA,[],1,eye hospital
Belaku Eye Hospital,"1st Cross, Ring Road, Kengeri Upanagar Stage II, 769, 1st Main Rd, near Railway Bridge, Manasa Layout, Stage I, Kengeri Satellite Town, Bengaluru, Karnataka 560060, India",12.9110234,77.48003729999999,4.9,1760,095139 51309,N/A,ChIJC6QVyyg_rjsR8Pm71BHFzHA,[],1,eye hospital
Springleaf Hospital,"60/3, Hosur Rd, next to Union Bank, Konappana Agrahara, Electronic City, Bengaluru, Karnataka 560100, India",12.8525896,77.6675444,4.2,1700,074111 22444,https://www.springleaf-healthcare.com/,ChIJJaoWAYRsrjsRIdkg92tsqqc,[],4,ophthalmology hospital
Manjunatha Nethralaya Eye Hospital,"Ammaji Complex, 44, Hesarghatta Rd, beside Royal mart, Bhuvaneshwari Nagar, T. Dasarahalli, Bengaluru, Karnataka 560057, India",13.0497552,77.5079257,4.9,1676,091486 78585,http://www.manjunathanethralaya.com/,ChIJ50VCV489rjsRfvx2UVxnMrU,[],1,eye hospital
"Narayana Nethralaya, Whitefield, Eye Hospital","metro station, Plot 3-C, next to Seetharamapalya, Phase I, Doddanakundi Industrial Area 2, Seetharampalya, Mahadevapura, Bengaluru, Karnataka 560048, India",12.980666,77.7094363,4.9,1655,080669 74000,https://www.narayananethralaya.org/,ChIJkRDUBAARrjsROYB_U6CUls8,[],1,eye hospital
Devi Eye Hospital Koramangala,"80 Feet Main Road, 434, 18th Main Rd, Opposite BMTC Bus depot, 6th Block, Koramangala, Bengaluru, Karnataka 560095, India",12.9411663,77.6239066,4.6,1461,098805 70094,http://www.devieyehospital.org/,ChIJj5suukYUrjsRWjJlYDfqHR8,[],1,eye hospital
"Vasan Eye Care Hospital - (Marathahalli, Bengaluru)","23/36, Outer Ring Rd, opposite Kalaniketan, Anand Nagar, Chinnappanahalli, Marathahalli, Bengaluru, Karnataka 560037, India",12.9611404,77.7012977,4.6,1418,1800 571 2222,https://clinic.vasaneye.com/vasan-eye-care/stores-in-bengaluru/stores-in-Marathahalli/vasan-eye-care-hospital-in-Marathahalli-bengaluru--7mEaPU/home,ChIJndRh8CwSrjsRAHcTAJ0nZe0,[],1,eye hospital
"Altius Multi-speciality Hospital, HBR Layout","511, Outer Ring Rd, 5th Block, HBR Layout 4th Block, HBR Layout, Bengaluru, Karnataka 560043, India",13.0344841,77.62918069999999,4.5,1385,088827 99799,https://www.altiushospital.com/,ChIJDfTzg1oXrjsRfLbXDJBX5aE,[],3,ophthalmology hospital
NELIVIGI EYE HOSPITAL,"450/435/10, Behind Kanti Sweets, Bellandur - Doddakannelli Road, WMFF+FHP, Outer Ring Rd, Bellandur, Bengaluru, Karnataka 560103, India",12.9239928,77.6736726,4.8,1382,080 4370 5050,https://www.nelivigieyehospital.com/,ChIJs8kaC3UTrjsRqCcBmfVafV8,[],1,eye hospital
Abhayahasta Multispeciality Hospital,"347/247 2 nd cross, Kaggadasapura Main Rd, Varsova Layout, C V Raman Nagar, Bengaluru, Karnataka 560093, India",12.9854019,77.6724603,3.7,1302,079752 06208,http://www.abhayahastahospital.com/,ChIJAwHTpUMRrjsRXZShuDRi4T4,[],3,ophthalmology hospital
MVJ Hospital,"Dandupalya, 30th Km Milestone Kolathur P.O, NH 75, Dandupalya, Hoskote, Karnataka 562114, India",13.0775142,77.81162239999999,4.0,1300,N/A,https://mvjmc.edu.in/,ChIJhYwoDo0FrjsRZSqS0kX-unA,[],7,ophthalmology hospital
"Nethradhama Super Speciality Eye Hospital, Whitefield","Prasad Technology Park Pvt Ltd, Tower A Ground Floor, Survey No. 152, Metro Station, 97, Rd Number 2, behind Nallurhalli, Industrial Area, EPIP Zone, Whitefield, Bengaluru, Karnataka 560066, India",12.976258,77.7259802,4.9,1251,080 6264 6800,https://bit.ly/46wz97B,ChIJB1DsLpoRrjsRMUCBbdCAEk0,[],1,eye hospital
Nandi hospital Kengeri,"80 Feet Rd, Jnanabharathi Extension, Gnanabharathi, hoysala circle, Kengeri, upanagar, Bengaluru, Karnataka 560060, India",12.9244005,77.4865629,4.9,1249,074115 22380,http://www.nandihospital.com/,ChIJQ9uudUQ_rjsRqjmO2H7IKiE,[],9,ophthalmology hospital
"Vasan Eye Care Hospital - (Bommanahalli, Bengaluru)","Building No 54/1, CR Complex, Metro Station, Hosur Rd, nearby Bommanahalli, NGR Layout, Roopena Agrahara, Bommanahalli, Bengaluru, Karnataka 560068, India",12.9099495,77.6263017,4.6,1232,1800 571 2222,https://clinic.vasaneye.com/vasan-eye-care/stores-in-bengaluru/stores-in-Bommanahalli/vasan-eye-care-hospital-in-Bommanahalli-bengaluru--7I9tNh/home,ChIJbf3zrwUVrjsRXN2SRdEIhdI,[],1,eye hospital
SDM Institute of Ayurveda & Hospital,"Sdm Institute Of Ayurveda, NH 275, Anchepalya, Challegatta, Bengaluru, Karnataka 560074, India",12.8934758,77.45745219999999,4.5,1213,N/A,http://www.sdmayurbangalore.in/,ChIJTax-kMc4rjsRHoVTaep38cw,[],9,eye institute
"Vasan Eye Care Hospital - (HSR Layout, Bengaluru)","First Floor, No 1127/A, 17th Cross Rd, nearby BDA Complex, 7th Sector, HSR Layout, Bengaluru, Karnataka 560102, India",12.9122698,77.634965,4.6,1186,1800 571 2222,https://clinic.vasaneye.com/vasan-eye-care/stores-in-bengaluru/stores-in-HSR-Layout/vasan-eye-care-hospital-in-HSR-Layout-bengaluru--5ZLiJz/home,ChIJ1Q_1c5IUrjsRYF_xWmPt3X0,[],1,eye hospital
Medwell Multi-specialty Hospital And Diagnosis Centre,"Hosa Rd, Balaji Layout, Sai Sree Layout, Choodasandra, Bengaluru, Karnataka 560100, India",12.8778157,77.6719099,4.6,1103,091085 64264,https://medwellhospitals.com/,ChIJrzJGibRsrjsRBUTKina6pU4,[],7,ophthalmology hospital
"Globe Eye Foundation at Hoskote, Karnataka","AIR Extension, Old Madras Rd, NH4, M V Extenstion, Hoskote, Karnataka 562114, India",13.067277,77.78025269999999,4.9,1032,080 2970 0230,https://www.globeeye.org/,ChIJV35VRX0FrjsRbkNLKJ_5fg4,[],6,cataract hospital
Nurture Multispeciality Clinic,"76/1B, Doddakannelli - Kaadubeesanahalli Rd, next to New Horizon Gurukul School, Kaverappa Layout, Kadubeesanahalli, Panathur, Bengaluru, Karnataka 560103, India",12.9344962,77.6970169,4.6,992,087927 11450,https://nurtureclinic.co.in/,ChIJaZf5m6gTrjsRaAVCb7_xph0,[],5,retina hospital
Shifaa Hospital,"Dar-us-salam Building, 332, Queens Rd, Govinda Chetty Colony, Vasanth Nagar, Bengaluru, Karnataka 560001, India",12.9896582,77.59916439999999,4.1,967,080 4000 7300,http://www.shifaahospital.org/,ChIJfWwbznoWrjsRJuD7hrh99wE,[],3,ophthalmology hospital
"KIMS Hospitals, Mahadevapura","Survey No. 36/5, Outer Ring Road Doddanekkundi, Hobli, K.R. Puram, Mahadevapura, Bengaluru, Karnataka 560037, India",12.9796274,77.69420219999999,4.9,965,080 4412 3456,https://www.kimshospitals.com/bengaluru-mahadevapura/,ChIJRx_tfJwRrjsRFoxDqwPVxus,[],7,eye institute
People Tree Hospitals @ Hanumantha Nagar,"25th Main Road, 979, 50 Feet Main Rd, 1st Block, Hanumanthnagar, Banashankari 1st Stage, Banashankari, Bengaluru, Karnataka 560050, India",12.9420542,77.5536034,4.4,964,080 2675 5800,http://www.peopletreehospitals.com/,ChIJzeZgZCI-rjsR2SX9CDOWCbU,[],5,ophthalmology hospital
MARIGOLD HOSPITALS,"243, 7th Cross Rd, Mico Layout, BTM 2nd Stage, BTM Layout, Bengaluru, Karnataka 560076, India",12.9136397,77.6045281,4.2,933,080 4672 9555,http://marigoldhospitals.com/,ChIJG9AeBAMVrjsRY-Ydt49jSc4,[],4,ophthalmology hospital
SACRED OAK HOSPITAL - ELECTRONIC CITY,"Hosur Rd, opposite D'mart, BTM Phase 1, Phase II, Electronic City, Bengaluru, Karnataka 560100, India",12.8434317,77.6753325,4.6,933,080503 04155,http://www.sacredoakhospital.com/,ChIJw-2cFxFtrjsRCN_dH8GF0Ks,[],5,ophthalmology hospital
Dr Agarwals Eye Hospital,"2nd Floor, Himagiri High Street. 106/1 Electronic City, Electronic City Phase I, Doddathoguru, Bengaluru, Karnataka 560100, India",12.8420177,77.643911,4.6,914,095949 03749,https://www.dragarwal.com/eye-hospital/electronic-city/,ChIJ1ZgEiHptrjsRZJYBtUxOfTo,[],1,eye hospital
Unity Lifeline Hospital India Private Limited,"Outer Ring Rd, 2nd Stage, Naagarabhaavi, Bengaluru, Karnataka 560072, India",12.9819005,77.5108967,3.9,891,099000 31831,N/A,ChIJwWWIJDQ8rjsR9fhQRgwvQSo,[],9,eye institute
The Eye Foundation | Eye Hospital in Whitefield,"840/582/25/1, Varthur Rd, above Kanti Sweets, Gunjur Village, Varthur, Bengaluru, Karnataka 560087, India",12.9313572,77.74192359999999,4.9,878,091765 03279,https://www.theeyefoundation.com/,ChIJa9IefcITrjsRooNuPa4FOBQ,[],6,eye hospital
"Narayana Multispeciality Hospital, Whitefield English","Plot No. 3&4, ITPL Main Rd, opp. to ITPL Main Gate, Sadaramangala Industrial Area, Whitefield, Bengaluru, Karnataka 560048, India",12.9895255,77.7337098,3.7,798,080675 06870,https://www.narayanahealth.org/?utm_source=Google&utm_medium=GMB,ChIJl7t3YO8RrjsR10V1gnHPAF0,[],7,ophthalmology hospital
Surgecare Super Speciality Hospital,"Site No 1&2, 5th Cross, Ramamurthi Nagar Main Rd, near Ramamurthy nagar, Dayananda Layout, Signal, Ramamurthy Nagar, Bengaluru, Karnataka 560016, India",13.0128901,77.6644477,4.6,776,087628 35599,http://www.surgecaressh.com/,ChIJYxmcMWERrjsRkhZfr9HAjH8,[],7,ophthalmology hospital
Vittala International Institute of Ophthalmology,"2nd Cross, 7th block, 1, 2nd Main Rd, 2nd Phase, Banashankari 3rd Stage, Hosakerehalli, Bengaluru, Karnataka 560085, India",12.9307694,77.54094520000001,4.8,761,080 2672 2214,http://www.viio.org/,ChIJj6kdiDc-rjsRyFr_6Lmpd84,[],1,eye institute
Sankalpa Multispeciality Hospital,"47/2, Kothnur Dinne Main Rd, near BK circle, opposite to Vishal mega mart, 8th Phase, Kalena Agrahara, Bengaluru, Kothnur, Karnataka 560076, India",12.872508,77.58370239999999,4.8,758,096060 26006,http://sankalpa-hospitals.com/,ChIJr-_jvqwVrjsR0ljvLXINSRY,[],5,ophthalmology hospital
Ekana Multi Specialty Hospitals,"110, Begur Rd, Akshaya Residency, Begur, Bengaluru, Karnataka 560114, India",12.870509,77.6240364,4.7,734,088844 48325,http://www.ekanahospital.com/,ChIJ34zeP_cVrjsRWpcYh5dA4hg,[],5,ophthalmology hospital
Sri Lakshmi Super Speciality Hospital,"301, 3rd Main Rd, near Indane Gas, V B Layout, Old Extension, Krishnarajapuram, Bengaluru, Karnataka 560036, India",13.0111064,77.6973173,4.2,732,099017 11716,N/A,ChIJBXg3MAcRrjsRoF_JBrVqs-8,[],7,retina hospital
Sri Arogya Hospital 24x7,"76 93, Kalkere Main Road, opp. More Super market, Akshaya Nagar 2nd Block, Kowdenahalli, Ramamurthy Nagar, Bengaluru, Karnataka 560016, India",13.0196155,77.67822149999999,4.4,675,097417 64148,https://sriarogyahospitals.com/,ChIJeWGkcsgRrjsRJR-M2P2Ouq4,[],7,ophthalmology hospital
"Vasan Eye Care Hospital - (Rajarajeshwari Nagar, Bengaluru)","First Floor, 16th Cross, Blow Axis Bank, Seetha Complex, 18th Main Rd, Remco Bhel Layout, Javarandoddi, Rajarajeshwari Nagar, Bengaluru, Karnataka 560098, India",12.9310142,77.5156585,4.5,641,1800 571 2222,https://clinic.vasaneye.com/vasan-eye-care/stores-in-bengaluru/stores-in-Rajarajeshwari-Nagar/vasan-eye-care-hospital-in-Rajarajeshwari-Nagar-bengaluru--1DZwAw/home,ChIJjwiM3Pc-rjsR6ZXCfCnqACQ,[],1,eye hospital
GKR Ravisha Eye Clinic - Marathahalli,"28, Munnekollal Main Rd, near Marathalli Bridge, Rajasree Layout, Post, Marathahalli, Bengaluru, Karnataka 560037, India",12.9548263,77.7050812,5.0,623,090048 68520,https://ravishaclinic.com/,ChIJYTS08nQTrjsRw9LpuyPfyrE,[],1,retina hospital
Care & Cure Hospital - Physician | Gynecologist | Urologist | Pediatrician | Piles | Varicoseveins | Orthopedic |Home Nursing,"50, 2nd Cross, IAS Layout, Eastwood Twp, Kasavanahalli, Hosa Rd, IAS Layout, Eastwood Twp, Bengaluru, Kasavanahalli, Karnataka 560035, India",12.90554,77.6757217,4.8,610,081479 69031,https://carencurehospital.in/,ChIJUyq560sTrjsRtV-cAlSzNLY,[],5,ophthalmology hospital
Sri NMPC Hospital,"60, Devasandra Main Rd, Ist Block, Ayyappa Nagar, Krishnarajapuram, Bengaluru, Karnataka 560036, India",13.0061897,77.7004672,4.7,609,097396 71776,http://srinmpchospital.com/,ChIJYZwB4qcRrjsRf8Q2jUw9h9I,[],7,ophthalmology hospital
Sri Chowdeshwari Nethralaya and Diabetes Care,"Sri Chowdeshwari Diabetes care and Eye care centre, (OLD MADRAS ROAD, Deepa Hospital Rd, opposite Deepa Hospital, Nisarga Layout, Chikkabasavanapura, Krishnarajapuram, Bengaluru, Karnataka 560036, India",13.0124021,77.6996765,4.4,581,078994 14104,http://scdiabetes.com/,ChIJc-84BqoRrjsRu6P9zQkGU3Y,[],2,cataract hospital
Lakshmi Nursing Home - Hospital and Pharmacy,"#606, 2nd main, Chennaraya Swamy Temple Street Varthur, Venkateswara Nilayam, 696, Chinnappa Layout, Devasthanagalu, Bengaluru, Varthur, Karnataka 560087, India",12.9411861,77.74626289999999,4.1,573,097317 16669,http://www.lakshminursinghome.com/,ChIJubU6DogNrjsRgoSHp1_0pMA,[],7,ophthalmology hospital
Essential Hospital,"Aladamara Papareddy Palya, Outer Ring Rd, ITI HBCS Layout, Papareddipalya, Annapurneshwari Nagar, Bengaluru, Karnataka 560072, India",12.9748198,77.5096173,4.2,569,096866 88975,N/A,ChIJs6JIhzE8rjsR5J0dZIdob1M,[],9,retina hospital
Ananthaksha Super Speciality Eye Hospital,"Virupakshappa Building, 1470/1268, Bus Stand Rd, opp. BMTC Main, Jyothi Nagar, Nelamangala Town, Bengaluru, Karnataka 562123, India",13.0984473,77.39409959999999,4.9,565,090909 00246,https://ananthakshaeyehospital.com/,ChIJr5urukAlrjsRe8NPO99wjKg,[],8,retina hospital
Amrik Hospital,"209, Swami Vivekananda Road, Prasanth Layout, Prasanth Extension, Whitefield, Bengaluru, Karnataka 560066, India",12.982791,77.7479165,3.7,541,096323 23091,N/A,ChIJQTPFVAIOrjsRzYPqFLupWLk,[],6,ophthalmology hospital
Akshara Eye Hospital,"IIM Post, branch) S.V. Arcade, Devarachikkanahalli Rd, next to Karnataka Bank, Thayappa Garden, Ranka Colony, Bilekahalli, Bengaluru, Karnataka 560076, India",12.899085,77.6055296,4.7,537,080 4218 8890,http://www.aksharaeyehospital.com/,ChIJR2DVNiAVrjsRYL6jHEF-Cbg,[],1,eye hospital
Currex Hospital - Best Multispeciality Hospital Near KR Puram | Bangalore,"No 55 , 56, Seegehalli Main Rd, Bhoo Samartha Layout, Seegehalli, KS Halli, Bengaluru, Kurudusonnenahalli, Karnataka 560049, India",13.0176565,77.7260147,4.3,536,082965 12929,https://currexhospital.com/,ChIJT0i5IQ8RrjsRVb7yOmZvvhQ,[],3,ophthalmology hospital
Lotus Multi Speciality Hospital,"2361, 24th Main Rd, 1st Sector, HSR Layout, Bengaluru, Karnataka 560102, India",12.9144635,77.6491774,4.1,530,080505 98999,https://lotusmultispecialitycenter.com/,ChIJ29RsS4MUrjsRMjQsw71Qwo4,[],5,ophthalmology hospital
Neo true North hospital,"Sy. No. 110/4, Rebus Realm, 1, Neeladri Main, Road, Doddathoguru, Bengaluru, Karnataka 560100, India",12.847407,77.64390329999999,4.1,515,080 4848 4789,N/A,ChIJP2267W5rrjsR0MozFXZhsks,[],5,ophthalmology hospital
Saai Eye Hospital and Eye Plasty Center,"No.141/142 SAAI EYE HOSPITAL Near Rohan Mihir Apartment, and NEW RAGAM BAKERY, AECS Layout - C Block, Kundalahalli, Marathahalli, Bengaluru, Karnataka 560037, India",12.962858,77.7086089,4.8,509,095580 55510,http://www.saaieyehospital.com/,ChIJ43vfeGMTrjsRTEzzHd0kD0s,[],1,eye hospital
Sri Eye Care Speciality Eye Hospital,"HBR Layout 2nd Block, Stage 1, HBR Layout, Bengaluru, Karnataka 560084, India",13.0196844,77.6285592,4.8,487,080 6821 2879,https://www.srieyecarehospital.com/,ChIJceJaLR8XrjsRLtW3QoeKOxc,[],2,eye care center
Sunrise Hospital,"9, Dr. Shet's Building, KEERTHI HARMONY, Road, Jayanti Nagar Main Rd, near Raghavendra Circle, Raghavendra Nagar, Ramamurthy Nagar, Bengaluru, Karnataka 560016, India",13.0218234,77.6726413,4.3,480,077956 60561,https://sunrisehospitals.co/,ChIJXZH-bnwRrjsRXpwYxsuZgns,[],7,ophthalmology hospital
Nethra Eye Hospital,"Sanjayanagar, 8, 80 Feet Rd, Ashwath Nagar, Devasandra Layout, Bengaluru, Karnataka 560094, India",13.0272301,77.57684499999999,4.5,478,080 2351 2666,http://nethraeyehospital.com/,ChIJaTxcjsQXrjsRTOUmpzHF6II,[],2,ophthalmology hospital
Navashakthi Nethralaya,"1803 Ring road, 1803, Service Rd, 5th Block, HBR Layout, Bengaluru, Karnataka 560043, India",13.0370048,77.6278197,4.5,467,097311 11449,http://navashakthinethralaya.com/,ChIJdxbgKWsXrjsRgngk4caYvlg,[],3,ophthalmology hospital
Hope Hospital - KR Puram,"Sy no 32/2, Site no 1,2 and 3, 4, Old Madras Rd, TC Palya, Battarahalli, Bengaluru, Karnataka 560049, India",13.0195794,77.7081807,4.4,448,074832 57544,https://hopehospital.care/,ChIJ33qfLzgRrjsRdcuLj-Ppx08,[],7,ophthalmology hospital
"Vasan Eye Care Hospital - (JP Nagar, Bengaluru)","No 51/64/2, Plot No 2/A/2/A, Kanakapura Main Rd, opposite Pillar No 54, SBI Colony, 1st Phase, J. P. Nagar, Bengaluru, Karnataka 560111, India",12.9103496,77.5731784,4.5,423,1800 571 2222,https://clinic.vasaneye.com/vasan-eye-care/stores-in-bengaluru/stores-in-JP-Nagar/vasan-eye-care-hospital-in-JP-Nagar-bengaluru--7dQJHX/home,ChIJWw6dqHoVrjsRYkHa9_Wrm6A,[],1,eye hospital
Dr.Sailaja's Super Speciality Eye Hospital,"33/1, Horamavu Main Rd, above post office, near Gandhi Statue, Chinnaswamappa Layout, Horamavu, Bengaluru, Karnataka 560113, India",13.027592,77.6614191,4.5,399,088844 71641,http://www.drsailajaeyehospital.in/,ChIJq6FxKR4RrjsRgDMVQrqX-10,[],1,eye hospital
Aditi Hospital Anekal,"Bayasabhi Layout, Kaval Hosahalli, Anekal, Karnataka 562106, India",12.7090993,77.6989222,4.5,382,N/A,http://www.aditihospitalanekal.com/,ChIJiWDsiKFvrjsRfgtNRslUBtM,[],5,ophthalmology hospital
Minto Ophthalmic Hospital,"Chamrajpet, XH6C+9VP, Tippu Sultan Palace Rd, Opposite V V Puram Police Station, New Tharagupet, Bengaluru, Karnataka 560002, India",12.9609676,77.5721981,3.5,360,N/A,https://mhbmcri.karnataka.gov.in/english,ChIJ_f__z_wVrjsRHEgMRnkQ8jc,[],1,eye hospital
Sri Sai Nethralaya Super Speciality Eye Hospital,"2nd Floor, Balaji Nagar College, Bus Stop, 15, Magadi Main Rd, near Byadarahalli, Post, Byadarahalli, Bengaluru, Karnataka 560091, India",12.9856,77.47861429999999,5.0,346,099452 09339,https://srisainethralaya.in/,ChIJ7SI5v389rjsRQFcIqVz40Pc,[],1,eye hospital
idrishti eye hospital,"69/1, 2nd Floor, AGR Tower, Sarjapur - Marathahalli Rd, Kaikondrahalli, Bengaluru, Karnataka 560035, India",12.9137218,77.679163,4.4,334,098806 01696,http://idrishti.in/hospital-sarjapur.html,ChIJd9pG1lMTrjsRrRSg4kUD74A,[],4,eye institute
Ayu Health Hospitals,"612, Nagarabhavi Main Rd, Vinayaka Layout, Papreddy Palya, 2nd Stage, Naagarabhaavi, Bengaluru, Karnataka 560072, India",12.9612716,77.51168729999999,4.8,328,080 4709 2987,https://ayu.health/bangalore/hospital/ayu-health-multispeciality-hospital-2-stage-naagarabhaavi-59?utm_source=google&utm_medium=organic&utm_campaign=GMB_naagarabhaavi,ChIJK0SUfxM_rjsRmkFwlAwnnKc,[],9,eye hospital
F M Eye Hospital,"54, Promenade Rd, Pulikeshi Nagar, Frazer Town, Bengaluru, Karnataka 560005, India",12.996162,77.6073126,4.9,288,063660 23755,https://fmeyehospital.com/,ChIJM90A5IAXrjsRMo4R5ia1LpY,[],1,eye hospital
Krishna eye clinic | speciality eye hospital | opthalmologist |Eye doctor in vidyaranyapura,"No 745, 5th Main Rd, opp.to NTI Ground, 5th Block, Vidyaranyapura, Bengaluru, Karnataka 560097, India",13.078796,77.5581742,5.0,256,088676 22970,N/A,ChIJCeqg5lcjrjsR31PLWNEXcow,[],3,ophthalmology hospital
Manav Charitable Hospital,"Tumkur Rd, Jindal Nagar, Maruti Layout, Aanchepalya Village, Bengaluru, Karnataka 560073, India",13.0532288,77.4833047,4.1,256,080 2371 7777,https://www.sitaramjindalfoundation.org/,ChIJBXbxOk0jrjsR2hesyeOu27I,[],9,eye institute
Dr. M.C. Modi Eye Hospital,"XGXW+6GP, 5th Main Rd, West of Chord Road 2nd Stage, 4th B Main, Stage 2, Mahalakshmi Layout, Bengaluru, Karnataka 560086, India",12.9980931,77.5463291,4.1,245,080 2349 2233,http://mcmodieyehospital.com/,ChIJjYFgYpc9rjsRhCvN00MvCgo,[],3,ophthalmology hospital
Vidya Eye Hospital,"47/E, 15th Main M.C.Road( Near Vijayanagar Police Station), Vijaya Nagar,, Vijaya Nagar, SBI Staff Colony, Hoshalli Extension, Stage 1, Vijayanagar, Bengaluru, Karnataka 560040, India",12.9699345,77.53745889999999,4.1,243,098453 78853,https://www.facebook.com/vidyaeyehospitaloppvijayanagarmetro,ChIJg2hsbuY9rjsR4lNnsygyVMg,[],1,eye institute
Sri Narayana Super Speciality Eye Care Hospital,"11, NH 75, Swamy Vivekananda Nagar, KHB Colony, Hoskote, Bengaluru, Karnataka 562114, India",13.0698404,77.78183659999999,4.7,232,090190 68969,N/A,ChIJX_q8g4IFrjsRRI3hqL2K104,[],6,cataract hospital
Curemaxx Hospitals| Best Multispeciality Hospital in Begur Road,"861, 4/158, Begur Rd, Hongasandra, Bengaluru, Karnataka 560114, India",12.898643,77.6263154,4.5,231,096060 30142,http://www.curemaxhospitals.com/,ChIJv5qFvqkVrjsRWpXdsmd8kc0,[],5,ophthalmology hospital
"Sri Venkateshwara Nethralaya Eye Hospital & Laser centre, Kengeri","Upanagara, Srivatsa plaza, 558, Harsha Layout Main Rd, opp. Vidhyaganapathi temple, Stage I, Kengeri, Bengaluru, Karnataka 560060, India",12.9126716,77.4806564,4.7,229,091483 16772,https://wa.me/c/919686206435,ChIJZQ-Gl_A_rjsRgkHg53xGDXM,[],1,eye hospital
Dr. Jain's Eye Clinic,"Sir M. Visvesvaraya Rd, BTS Layout, Arekere, Bengaluru, Karnataka 560076, India",12.8879101,77.6097188,4.6,228,099867 89087,https://www.drjainseyeclinic.com/,ChIJoWeUpdUUrjsRTF7vT39gFps,[],5,eye institute
Samyak Drishti Eye Hospital,"264(c) 5th Main Road,Jayanagar housing society layout, Thurahalli Rd, Gubbalala, Subramanyapura, Bengaluru, Karnataka 560061, India",12.8933293,77.53806689999999,4.7,223,091484 50111,https://samyakdrishtieyehospital.in/,ChIJO1jLcvI_rjsRldjwPxeuaEY,[],1,eye hospital
PRANA EYE HOSPITAL,"First Floor, 1089/4, Sarjapur - Marathahalli Rd, opp. D-MART, Sarjapura, Bengaluru, Karnataka 562125, India",12.8606347,77.77935420000001,5.0,215,078995 28303,https://www.pranaeyehospital.com/,ChIJCwC0q3NzrjsRTpKvkw1TEXM,[],6,eye hospital
Nikhil Nethralaya ( NABH Accredited ),"1st Floor, 44, Hesarghatta Rd, Mallasandra, T. Dasarahalli, Bengaluru, Karnataka 560057, India",13.0539906,77.5078171,5.0,210,099592 88592,https://nikhilnethralaya.com/,ChIJgzQlTfIjrjsRZy6mP2RrZcM,[],1,retina hospital
MANJUNATHA EYE CARE HOSPITAL,"1st floor, D group, Bus Stop, 1 & 2, Acharya College Main Rd, above Sangeetha Mobiles, Andrahalli, Bengaluru, Karnataka 560091, India",13.0021029,77.4883928,4.9,206,093533 88909,https://manjunathaeyecare.com/,ChIJr2UIj8c9rjsRvGZZPfzqHdc,[],1,cataract hospital
Harsha Hospital,"193/4, Sondekoppa Circle, Harsha International Public School, campus, Sadashiva Nagara, Nelamangala Town, Bengaluru, Karnataka 562123, India",13.092952,77.394857,3.7,196,N/A,https://sites.google.com/view/harshahospital23/home,ChIJXyEzUYYlrjsRo9vPLYtNIS8,[],9,eye institute
BGS GIMS Hospital CT and MRI scan,"Bgs gims Medical College and hospital, Kengeri, Bengaluru, Karnataka 560060, India",12.9023522,77.4977004,3.5,196,077952 06616,N/A,ChIJZXQLwxY_rjsRd4gUUAv9YcU,[],9,eye institute
Bangalore Nethralaya | Ophthalmologist | Best Eye Specialist Hospital in Bangalore,"No-950, 21st Main Rd, near BDA Shopping Complex, Siddanna Layout, Banashankari Stage II, Banashankari, Bengaluru, Karnataka 560070, India",12.9272369,77.56504029999999,4.3,194,080 2671 3763,http://www.bangalorenethralaya.com/,ChIJS4ErKocVrjsRPyw50oY9gFY,[],5,cataract hospital
Nuo Garden City Eye Hospital,"29, 1st Main, 8th Cross Rd, next to Village Hyper Bazaar, 2nd Block, Dwaraka Nagar, Vijayanagar, Chandra Layout, Bengaluru, Karnataka 560072, India",12.9625182,77.5263204,4.6,180,098862 97766,http://www.gardencityeye.com/,ChIJ-1jI1Hk-rjsRptaiFrMxxNk,[],1,eye hospital
Parvati Nethralaya | Eye Specialists in Banashankari,"3999, 1st phase Girinagar, 4th Phase Girinagar, Banashankari 1st Stage, Banashankari, Bengaluru, Karnataka 560050, India",12.9351896,77.54723039999999,4.9,179,096065 08065,N/A,ChIJ1eU3ojs-rjsRqxY01i4sB6M,[],1,retina hospital
Bangalore Nethralaya | Ophthalmologist | Best Eye Specialist Hospital In Bangalore,"Samrudhi Plaza, 714, 5th D Cross Rd, Adjacent to GarbhaGudi IVF Centre, Kalyan Nagar, Balachandra Layout, Babusabpalya, Kalyan Nagar, Bengaluru, Karnataka 560113, India",13.0246256,77.6443622,4.3,175,090196 44168,http://www.bangalorenethralaya.com/,ChIJq_obuC8XrjsRalYXVwgnbFs,[],2,cataract hospital
Kiran Eye Hospital | Best Eye Hospital in JP Nagar | Best Eye Doctor in Jayanagar | Best Eye Clinic in Banashankari,"20, ground floor, Vishnu Towers, ITI Layout, 1st Phase, J. P. Nagar, Bengaluru, Karnataka 560078, India",12.910905,77.5808505,4.9,169,081056 81057,https://kiraneyehospital.com/,ChIJ2-KyY9IVrjsRRAYGWh672Ps,[],1,eye hospital
Arunodaya Hospitals,"18-23,4th & 5th Cross Mallasandra Main Road, Hesarghatta Rd, Bagalgunte, Bhuvaneshwari Nagar, Bagalakunte, Bengaluru, Karnataka 560057, India",13.0570047,77.5085162,3.1,167,099860 70423,http://arunodayahospitals.com/,ChIJz3E8WywjrjsRWYnWMNSdbLU,[],9,eye hospital
M M EYE CLINIC | Dr. Madan raj. M | Cataract and lasik surgeon ||,"Main Road, 1, 5th B cross, Bhuvaneshwari Nagar, RT Nagar, V. Nagenahalli, Hebbal, Bengaluru, Karnataka 560032, India",13.0344434,77.6062171,4.9,162,099456 62111,N/A,ChIJrcuOGSkXrjsRqjDE7LfWtlY,[],6,eye clinic
Shekar Super Speciality Eye Centre,"704, 5th Main Rd, BEL Layout 3rd Block, BEL Layout, Vidyaranyapura, Bengaluru, Karnataka 560097, India",13.0727402,77.5565017,4.1,151,080 2364 5687,N/A,ChIJJUBhq6YirjsRyYVRXg6cyRw,[],2,cataract hospital
Banu Multispeciality Hospital,"44, Ullal Main Rd, near Mangalore Independent Pu College, Annapurneshwari Layout, Jnananjyothinagar, Railway Layout, Mallathahalli, Bengaluru, Karnataka 560056, India",12.9510607,77.49189679999999,4.0,149,096631 19936,https://www.banumultispecialityhospital.com/,ChIJLzWutaI-rjsRp0t16ReUe1g,[],9,ophthalmology hospital
Navkiran Netralaya,"437/C, opp. BDA Complex, HBR Layout 2nd Block, 1st Stage, HBR Layout, Bengaluru, Karnataka 560043, India",13.0249962,77.62751,4.7,138,095134 24085,http://www.navkirannetralaya.com/,ChIJd9R4cToXrjsRWRyWvpWQ_Bc,[],3,cornea hospital
CARE ASIA HOSPITAL (CAH NELAMANGLA),"1494, BH Rd, opp. GOVT HOSPITAL, Nelamangala Town, Bengaluru, Karnataka 562123, India",13.0990435,77.3919842,2.6,133,088849 71111,http://careasiahospital.com/,ChIJy1OLETElrjsRalsSOw6JqFk,[],9,eye hospital
SNM Medical and Eye Care Centre,"1st Floor, Bright complex, 17, Buddha vihar road, pulakeshinagar, Frazer Town, Bengaluru, Karnataka 560005, India",12.9966338,77.6172485,4.9,132,073536 93686,N/A,ChIJDdNQHVAXrjsR1MKQrTPoZk8,[],3,eye care center
Manjunatha Nethralaya Nagarabhavi,"22/2, Nagarabhavi Main Rd, beside Indian oil petrol bunk, 4 Block, Teachers Colony, Naagarabhaavi, Bengaluru, Karnataka 560072, India",12.9584963,77.5173427,5.0,132,090362 71295,https://www.manjunathanethralaya.com/,ChIJO8W4EQA_rjsR1aoUaflN2rY,[],2,cataract hospital
SUPRA HOSPITAL,"143 ,2nd main, 7th Cross Rd, Subash Nagar, Kengeri Satellite Town, Bengaluru, Karnataka 560060, India",12.9230341,77.4842049,3.2,129,099453 73637,N/A,ChIJma8gG84_rjsRuELNlc98upE,[],5,ophthalmology hospital
Ayu Health Hospitals,"4th Floor Site No, 3, Whitefield Main Rd, Narayanappa Garden, Whitefield, Bengaluru, Karnataka 560066, India",12.9658553,77.74931269999999,4.9,128,080 4718 6724,https://ayu.health/bangalore/hospital/ayu-health-multi-speciality-hospital-narayanappa-garden-whitefield-373?utm_source=google&utm_medium=organic&utm_campaign=GMB_narayanappa-garden-whitefield,ChIJOQxLwKYNrjsRo8ozxwsZ7aw,[],7,ophthalmology hospital
Nayana Nethralaya and Diagnostics,"ground Floor, 85, Kodigehalli Main Rd, Nti Layout, Bhadrappa Layout, Koti Hosahalli, Bengaluru, Karnataka 560092, India",13.055853,77.5765368,4.7,126,087923 87687,N/A,ChIJ2fcqxDAXrjsRKuls0hPx8UQ,[],2,cataract hospital
B. W. LIONS SHRI VIDYASAGAR OSWAL INSTITUTE OF OPHTHALMOLOGY,"RBI Layout, JP Nagar 7th Phase, J. P. Nagar, Bengaluru, Karnataka 560078, India",12.8880832,77.581622,4.7,126,080 4371 4301,N/A,ChIJA6x2LkYVrjsRJFnFZu-RAWw,[],1,eye institute
Nethraneel Eye Care and Lasik Center,"Unit 7, Plot 91, Silver County Rd, next to Shobha Saffron, Bengaluru, Haralur, Karnataka 560068, India",12.894434,77.65916519999999,4.8,123,090193 53500,https://www.nethraneel.in/,ChIJLRmMAkUTrjsRzvXubw2tEjY,[],5,cornea hospital
Rangalakshmii Netralaya | Eye Hospital,"2054, 13th ‘B’ Main, 3rd Phase, Mother Dairy Cross, MIG Sector B, Udaya Layout, Yelahanka New Town, Bengaluru, Karnataka 560064, India",13.0988846,77.5766172,4.0,123,080 2846 3544,N/A,ChIJR9OAzswZrjsRJ3ml0Q3KGoM,[],2,cataract hospital
Sri Krishna Nethralaya,"Aipex, Worldwide Pvt SK Netralaya, Besides, 32nd Cross Rd, 4th T Block East, 4th Block, Jayanagar, Bengaluru, Karnataka 560011, India",12.9268458,77.584834,5.0,120,099450 04356,https://skneye.com/,ChIJTyayfEwVrjsRkpWPTnysHZU,[],2,cataract hospital
NV Hospital,"Govinda Shetty Palya Rd, Phase II, LHR layout, Bengaluru, Karnataka 560100, India",12.853166,77.6729879,4.5,119,090081 06900,N/A,ChIJHWn3l4BtrjsRAuUHk5DXZ_I,[],7,ophthalmology hospital
Sri Manjunatha Eye hospital,"Anand pura circle, Thambu Chetty Palya Main Rd, opp. bharath petrol bunk, Manjunatha Layout, SBI Bank Colony, Battarahalli, Bengaluru, Karnataka 560036, India",13.0238009,77.6950718,4.5,118,095358 00642,N/A,ChIJyWaTbW0RrjsR_vW4RkhZe4U,[],1,eye hospital
"Spasht Eye Clinic | Dr. Ashish Goyal l Retina Specialist, LASIK Surgeon","1st floor, 80 Feet Rd, opposite post office, above Himalaya store, Giddappa Block, RT Nagar, Bengaluru, Karnataka 560032, India",13.0212468,77.5924551,4.9,116,096115 56166,http://spashteyeclinic.com/,ChIJC9Zm3RgXrjsRyVeWkxBqpiI,[],1,retina hospital
Mytri Multispeciality Hospital,"100 Feet Road #3283, 100ft main road, 6th block, Sir M.Vishweshwaraiah Layout, Ullal Uppanagar, Ullal, Bengaluru, Karnataka 560110, India",12.9579441,77.4789718,4.9,113,099804 12006,N/A,ChIJA65EXgM_rjsRT0qIUtd_gJs,[],9,eye hospital
Durga Devi Eye Clinic | Speciality Eye Hospital | Ophthalmologist | Eye Doctor in Mathikere,"7/10, 1st floor ,5th main road, HMT Main Rd, VR Layout, Gokula 1st Stage, Mathikere Extension, Mathikere, Bengaluru, Karnataka 560054, India",13.03378,77.55811829999999,5.0,107,095918 41356,https://durgadevieyeclinic.vercel.app/,ChIJZRdocPU9rjsR-l65DKmYiIs,[],3,cataract hospital
Gopala Nethralaya,"227, 1st Main Rd, near 88 bus stop, Sharada Colony, KHB Colony, Basaveshwar Nagar, Bengaluru, Karnataka 560079, India",12.9883515,77.534321,4.5,107,063627 27509,https://gopala-nethralaya.netlify.app/,ChIJqwhBP789rjsRvRb3C8gosPQ,[],3,cataract hospital
Aadya Eye Hospital,"Gottigere - Kengeri Rd, Sarathynagar, South Avenue, Gottigere, Bengaluru, Kothnur, Karnataka 560083, India",12.8740682,77.5723106,4.8,104,091484 65500,N/A,ChIJk0HlA6JrrjsRYgARDv411gY,[],1,retina hospital
New Akshay Mallya Hospital,"No. 93/1 & 565, Srinivasa Complex, Ring Road Attached, To, Main Rd, Anjappa Layout, B Narayanapura, Marathahalli, Bengaluru, Karnataka 560093, India",12.9886995,77.6822313,2.1,104,078291 19481,N/A,ChIJe5zGycwTrjsRrF7wM9tjuO4,[],7,eye hospital
Premier Neuro & Eye Care Center,"1st Cross Road 1st Cross, 164, 1st Main Rd, Stage 2, ISRO Layout, Bengaluru, Karnataka 560111, India",12.9018458,77.55787649999999,4.2,103,080 2666 9661,N/A,ChIJ485v5d8_rjsRPH0fI9l8_Qk,[],1,eye care center
LAKSHMI EYE HOSPITAL ( NABH CERTIFIED),"RAMAKRISHNA, No. 502, Thanisandra Main Rd, Sri Balaji Krupa Layout, RK Hegde Nagar, Bengaluru, Karnataka 560077, India",13.0730361,77.6334947,4.7,102,099727 00771,N/A,ChIJ-zxc66gZrjsRpJ88khsfQTU,[],1,eye hospital
SRUJANA HOSPITAL,"First Floor, Legacy Building, above Nilgirs, opp. Ajmere Infinity Apartment, Neeladri Nagar, Electronic City Phase I, Electronic City, Bengaluru, Karnataka 560100, India",12.841437,77.647539,3.2,102,080500 90233,N/A,ChIJvRtO83trrjsRqHGPuW1JTWI,[],1,eye institute
